province,district,ds_code,ds_division,ds_division_si,level,source
Central,Kandy,CEN-001,Akurana,අකුරණ,DS_DIVISION,SL_RDSD.shp ADM3 + SL_DSD.shp ADM2 + SL_PD.shp ADM1 (spatial join)
Central,Kandy,CEN-002,Deltota,දෙල්තොට,DS_DIVISION,SL_RDSD.shp ADM3 + SL_DSD.shp ADM2 + SL_PD.shp ADM1 (spatial join)
Central,Kandy,CEN-003,Doluwa,දොලුව,DS_DIVISION,SL_RDSD.shp ADM3 + SL_DSD.shp ADM2 + SL_PD.shp ADM1 (spatial join)
Central,Kandy,CEN-004,Ganga Ihala Korale,ගඟඉහළකෝරලේ,DS_DIVISION,SL_RDSD.shp ADM3 + SL_DSD.shp ADM2 + SL_PD.shp ADM1 (spatial join)
Central,Kandy,CEN-005,Gangawata Korale,ගඟවටකෝරලේ,DS_DIVISION,SL_RDSD.shp ADM3 + SL_DSD.shp ADM2 + SL_PD.shp ADM1 (spatial join)
Central,Kandy,CEN-006,Harispattuwa,හාරිස්පත්තුව,DS_DIVISION,SL_RDSD.shp ADM3 + SL_DSD.shp ADM2 + SL_PD.shp ADM1 (spatial join)
Central,Kandy,CEN-007,Hatharaliyadda,හතරලියද්ද,DS_DIVISION,SL_RDSD.shp ADM3 + SL_DSD.shp ADM2 + SL_PD.shp ADM1 (spatial join)
Central,Kandy,CEN-008,Kundasale,කුන්ඩසාලේ,DS_DIVISION,SL_RDSD.shp ADM3 + SL_DSD.shp ADM2 + SL_PD.shp ADM1 (spatial join)
Central,Kandy,CEN-009,Medadumbara,මැදදුම්බර,DS_DIVISION,SL_RDSD.shp ADM3 + SL_DSD.shp ADM2 + SL_PD.shp ADM1 (spatial join)
Central,Kandy,CEN-010,Minipe,මිනිපේ,DS_DIVISION,SL_RDSD.shp ADM3 + SL_DSD.shp ADM2 + SL_PD.shp ADM1 (spatial join)
Central,Kandy,CEN-011,Panvila,පන්විල,DS_DIVISION,SL_RDSD.shp ADM3 + SL_DSD.shp ADM2 + SL_PD.shp ADM1 (spatial join)
Central,Kandy,CEN-012,Pasbagekorale,පස්බාගේකෝරලේ,DS_DIVISION,SL_RDSD.shp ADM3 + SL_DSD.shp ADM2 + SL_PD.shp ADM1 (spatial join)
Central,Kandy,CEN-013,Pathadumbara,පාතදුම්බර,DS_DIVISION,SL_RDSD.shp ADM3 + SL_DSD.shp ADM2 + SL_PD.shp ADM1 (spatial join)
Central,Kandy,CEN-014,Pathahewaheta,පාතහේවාහැට,DS_DIVISION,SL_RDSD.shp ADM3 + SL_DSD.shp ADM2 + SL_PD.shp ADM1 (spatial join)
Central,Kandy,CEN-015,Poojapitiya,පූජාපිටිය,DS_DIVISION,SL_RDSD.shp ADM3 + SL_DSD.shp ADM2 + SL_PD.shp ADM1 (spatial join)
Central,Kandy,CEN-016,Tumpane,තුම්පනේ,DS_DIVISION,SL_RDSD.shp ADM3 + SL_DSD.shp ADM2 + SL_PD.shp ADM1 (spatial join)
Central,Kandy,CEN-017,Udapalatha,උඩපළාත,DS_DIVISION,SL_RDSD.shp ADM3 + SL_DSD.shp ADM2 + SL_PD.shp ADM1 (spatial join)
Central,Kandy,CEN-018,Ududumbara,උඩදුම්බර,DS_DIVISION,SL_RDSD.shp ADM3 + SL_DSD.shp ADM2 + SL_PD.shp ADM1 (spatial join)
Central,Kandy,CEN-019,Udunuwara,උඩුනුවර,DS_DIVISION,SL_RDSD.shp ADM3 + SL_DSD.shp ADM2 + SL_PD.shp ADM1 (spatial join)
Central,Kandy,CEN-020,Yatinuwara,යටිනුවර,DS_DIVISION,SL_RDSD.shp ADM3 + SL_DSD.shp ADM2 + SL_PD.shp ADM1 (spatial join)
Central,Matale,CEN-021,Ambanganga,අඹන්ගඟ,DS_DIVISION,SL_RDSD.shp ADM3 + SL_DSD.shp ADM2 + SL_PD.shp ADM1 (spatial join)
Central,Matale,CEN-022,Dambulla,දඹුල්ල,DS_DIVISION,SL_RDSD.shp ADM3 + SL_DSD.shp ADM2 + SL_PD.shp ADM1 (spatial join)
Central,Matale,CEN-023,Galewela,ගලේවෙල,DS_DIVISION,SL_RDSD.shp ADM3 + SL_DSD.shp ADM2 + SL_PD.shp ADM1 (spatial join)
Central,Matale,CEN-024,Laggala,ලග්ගල,DS_DIVISION,SL_RDSD.shp ADM3 + SL_DSD.shp ADM2 + SL_PD.shp ADM1 (spatial join)
Central,Matale,CEN-025,Matale,මාතලේ,DS_DIVISION,SL_RDSD.shp ADM3 + SL_DSD.shp ADM2 + SL_PD.shp ADM1 (spatial join)
Central,Matale,CEN-026,Naula,නාඋල,DS_DIVISION,SL_RDSD.shp ADM3 + SL_DSD.shp ADM2 + SL_PD.shp ADM1 (spatial join)
Central,Matale,CEN-027,Pallepola,පල්ලේපොල,DS_DIVISION,SL_RDSD.shp ADM3 + SL_DSD.shp ADM2 + SL_PD.shp ADM1 (spatial join)
Central,Matale,CEN-028,Rattota,රත්තොට,DS_DIVISION,SL_RDSD.shp ADM3 + SL_DSD.shp ADM2 + SL_PD.shp ADM1 (spatial join)
Central,Matale,CEN-029,Ukuwela,උකුවෙල,DS_DIVISION,SL_RDSD.shp ADM3 + SL_DSD.shp ADM2 + SL_PD.shp ADM1 (spatial join)
Central,Matale,CEN-030,Wilgamuwa,විල්ගමුව,DS_DIVISION,SL_RDSD.shp ADM3 + SL_DSD.shp ADM2 + SL_PD.shp ADM1 (spatial join)
Central,Matale,CEN-031,Yatawatta,යටවත්ත,DS_DIVISION,SL_RDSD.shp ADM3 + SL_DSD.shp ADM2 + SL_PD.shp ADM1 (spatial join)
Central,Nuwara Eliya,CEN-032,Ambagamuwa,අඹගමුව,DS_DIVISION,SL_RDSD.shp ADM3 + SL_DSD.shp ADM2 + SL_PD.shp ADM1 (spatial join)
Central,Nuwara Eliya,CEN-033,Hanguranketa,හගුරන්කේත,DS_DIVISION,SL_RDSD.shp ADM3 + SL_DSD.shp ADM2 + SL_PD.shp ADM1 (spatial join)
Central,Nuwara Eliya,CEN-034,Kothmale,කොත්මලේ,DS_DIVISION,SL_RDSD.shp ADM3 + SL_DSD.shp ADM2 + SL_PD.shp ADM1 (spatial join)
Central,Nuwara Eliya,CEN-035,Nuwara Eliya,නුවර එළිය,DS_DIVISION,SL_RDSD.shp ADM3 + SL_DSD.shp ADM2 + SL_PD.shp ADM1 (spatial join)
Central,Nuwara Eliya,CEN-036,Walapane,වලපනේ,DS_DIVISION,SL_RDSD.shp ADM3 + SL_DSD.shp ADM2 + SL_PD.shp ADM1 (spatial join)
Eastern,Ampara,EAS-001,Addalaichenai,අඩ්ඩාලච්චේන,DS_DIVISION,SL_RDSD.shp ADM3 + SL_DSD.shp ADM2 + SL_PD.shp ADM1 (spatial join)
Eastern,Ampara,EAS-002,Akkaraipattu,අක්කරපත්තුව,DS_DIVISION,SL_RDSD.shp ADM3 + SL_DSD.shp ADM2 + SL_PD.shp ADM1 (spatial join)
Eastern,Ampara,EAS-003,Alayadivembu,අලයාඩිවෙම්බු,DS_DIVISION,SL_RDSD.shp ADM3 + SL_DSD.shp ADM2 + SL_PD.shp ADM1 (spatial join)
Eastern,Ampara,EAS-004,Ampara,අම්පාර,DS_DIVISION,SL_RDSD.shp ADM3 + SL_DSD.shp ADM2 + SL_PD.shp ADM1 (spatial join)
Eastern,Ampara,EAS-005,Damana,දමන,DS_DIVISION,SL_RDSD.shp ADM3 + SL_DSD.shp ADM2 + SL_PD.shp ADM1 (spatial join)
Eastern,Ampara,EAS-006,Dehiattakandiya,දෙහිඅත්තකණ්ඩිය,DS_DIVISION,SL_RDSD.shp ADM3 + SL_DSD.shp ADM2 + SL_PD.shp ADM1 (spatial join)
Eastern,Ampara,EAS-007,Irakkamam,ඉරක්කාමම්,DS_DIVISION,SL_RDSD.shp ADM3 + SL_DSD.shp ADM2 + SL_PD.shp ADM1 (spatial join)
Eastern,Ampara,EAS-008,Kalmunai,කල්මුනේ,DS_DIVISION,SL_RDSD.shp ADM3 + SL_DSD.shp ADM2 + SL_PD.shp ADM1 (spatial join)
Eastern,Ampara,EAS-009,Karaitivu,කරෙයිතිවු,DS_DIVISION,SL_RDSD.shp ADM3 + SL_DSD.shp ADM2 + SL_PD.shp ADM1 (spatial join)
Eastern,Ampara,EAS-010,Lahugala,ලාහුගල,DS_DIVISION,SL_RDSD.shp ADM3 + SL_DSD.shp ADM2 + SL_PD.shp ADM1 (spatial join)
Eastern,Ampara,EAS-011,Mahaoya,මහඔය,DS_DIVISION,SL_RDSD.shp ADM3 + SL_DSD.shp ADM2 + SL_PD.shp ADM1 (spatial join)
Eastern,Ampara,EAS-012,Navithanveli,නවිදන්වැලි,DS_DIVISION,SL_RDSD.shp ADM3 + SL_DSD.shp ADM2 + SL_PD.shp ADM1 (spatial join)
Eastern,Ampara,EAS-013,Nintavur,නීන්දවුර්,DS_DIVISION,SL_RDSD.shp ADM3 + SL_DSD.shp ADM2 + SL_PD.shp ADM1 (spatial join)
Eastern,Ampara,EAS-014,Padiyathalawa,පදියතලාව,DS_DIVISION,SL_RDSD.shp ADM3 + SL_DSD.shp ADM2 + SL_PD.shp ADM1 (spatial join)
Eastern,Ampara,EAS-015,Pottuvil,පොතුවිල්,DS_DIVISION,SL_RDSD.shp ADM3 + SL_DSD.shp ADM2 + SL_PD.shp ADM1 (spatial join)
Eastern,Ampara,EAS-016,Sainthamaruthu,සයින්දමරුතු,DS_DIVISION,SL_RDSD.shp ADM3 + SL_DSD.shp ADM2 + SL_PD.shp ADM1 (spatial join)
Eastern,Ampara,EAS-017,Sammanthurai,සම්මන්තුරේ,DS_DIVISION,SL_RDSD.shp ADM3 + SL_DSD.shp ADM2 + SL_PD.shp ADM1 (spatial join)
Eastern,Ampara,EAS-018,Tirukkovil,තිරුක්කෝවිල්,DS_DIVISION,SL_RDSD.shp ADM3 + SL_DSD.shp ADM2 + SL_PD.shp ADM1 (spatial join)
Eastern,Ampara,EAS-019,Uhana,උහන,DS_DIVISION,SL_RDSD.shp ADM3 + SL_DSD.shp ADM2 + SL_PD.shp ADM1 (spatial join)
Eastern,Batticaloa,EAS-020,Eravur Pattu,එරාවූර් පත්තු,DS_DIVISION,SL_RDSD.shp ADM3 + SL_DSD.shp ADM2 + SL_PD.shp ADM1 (spatial join)
Eastern,Batticaloa,EAS-021,Eravur Town,එරාවූර් නගර,DS_DIVISION,SL_RDSD.shp ADM3 + SL_DSD.shp ADM2 + SL_PD.shp ADM1 (spatial join)
Eastern,Batticaloa,EAS-022,Kattankudy,කාත්තන්කුඩි,DS_DIVISION,SL_RDSD.shp ADM3 + SL_DSD.shp ADM2 + SL_PD.shp ADM1 (spatial join)
Eastern,Batticaloa,EAS-023,Koralai Pattu,කෝරළේ පත්තු,DS_DIVISION,SL_RDSD.shp ADM3 + SL_DSD.shp ADM2 + SL_PD.shp ADM1 (spatial join)
Eastern,Batticaloa,EAS-024,Koralai Pattu Central,කෝරළේ පත්තු මධ්‍යම,DS_DIVISION,SL_RDSD.shp ADM3 + SL_DSD.shp ADM2 + SL_PD.shp ADM1 (spatial join)
Eastern,Batticaloa,EAS-025,Koralai Pattu North,කෝරළේ පත්තු උතුර,DS_DIVISION,SL_RDSD.shp ADM3 + SL_DSD.shp ADM2 + SL_PD.shp ADM1 (spatial join)
Eastern,Batticaloa,EAS-026,Koralai Pattu South,කෝරළේ පත්තු දකුණ,DS_DIVISION,SL_RDSD.shp ADM3 + SL_DSD.shp ADM2 + SL_PD.shp ADM1 (spatial join)
Eastern,Batticaloa,EAS-027,Koralai Pattu West,කෝරළේ පත්තු බටහිර,DS_DIVISION,SL_RDSD.shp ADM3 + SL_DSD.shp ADM2 + SL_PD.shp ADM1 (spatial join)
Eastern,Batticaloa,EAS-028,Manmunai North,මාන්මුනේ උතුර,DS_DIVISION,SL_RDSD.shp ADM3 + SL_DSD.shp ADM2 + SL_PD.shp ADM1 (spatial join)
Eastern,Batticaloa,EAS-029,Manmunai Pattu,මාන්මුනේ පත්තු,DS_DIVISION,SL_RDSD.shp ADM3 + SL_DSD.shp ADM2 + SL_PD.shp ADM1 (spatial join)
Eastern,Batticaloa,EAS-030,Manmunai South & Eruvil Pattu,මාන්මුනේ දකුණ සහ එ,DS_DIVISION,SL_RDSD.shp ADM3 + SL_DSD.shp ADM2 + SL_PD.shp ADM1 (spatial join)
Eastern,Batticaloa,EAS-031,Manmunai South West,මාන්මුනේ නිරිත,DS_DIVISION,SL_RDSD.shp ADM3 + SL_DSD.shp ADM2 + SL_PD.shp ADM1 (spatial join)
Eastern,Batticaloa,EAS-032,Manmunai West,මාන්මුනේ බටහිර,DS_DIVISION,SL_RDSD.shp ADM3 + SL_DSD.shp ADM2 + SL_PD.shp ADM1 (spatial join)
Eastern,Batticaloa,EAS-033,Porativu Pattu,පොරතිවු පත්තු,DS_DIVISION,SL_RDSD.shp ADM3 + SL_DSD.shp ADM2 + SL_PD.shp ADM1 (spatial join)
Eastern,Trincomalee,EAS-034,Gomarankadawala,ගෝමරන්කඩවල,DS_DIVISION,SL_RDSD.shp ADM3 + SL_DSD.shp ADM2 + SL_PD.shp ADM1 (spatial join)
Eastern,Trincomalee,EAS-035,Kantale,කන්තලේ,DS_DIVISION,SL_RDSD.shp ADM3 + SL_DSD.shp ADM2 + SL_PD.shp ADM1 (spatial join)
Eastern,Trincomalee,EAS-036,Kinniya,කින්නියා,DS_DIVISION,SL_RDSD.shp ADM3 + SL_DSD.shp ADM2 + SL_PD.shp ADM1 (spatial join)
Eastern,Trincomalee,EAS-037,Kuchchaweli,කුච්චවේලි,DS_DIVISION,SL_RDSD.shp ADM3 + SL_DSD.shp ADM2 + SL_PD.shp ADM1 (spatial join)
Eastern,Trincomalee,EAS-038,Morawewa,මොරවැව,DS_DIVISION,SL_RDSD.shp ADM3 + SL_DSD.shp ADM2 + SL_PD.shp ADM1 (spatial join)
Eastern,Trincomalee,EAS-039,Muthur,මුත්තූර්,DS_DIVISION,SL_RDSD.shp ADM3 + SL_DSD.shp ADM2 + SL_PD.shp ADM1 (spatial join)
Eastern,Trincomalee,EAS-040,Padavi Sri Pura,පදවි ශ්‍රී පුර,DS_DIVISION,SL_RDSD.shp ADM3 + SL_DSD.shp ADM2 + SL_PD.shp ADM1 (spatial join)
Eastern,Trincomalee,EAS-041,Seruvila,සේරුවිල,DS_DIVISION,SL_RDSD.shp ADM3 + SL_DSD.shp ADM2 + SL_PD.shp ADM1 (spatial join)
Eastern,Trincomalee,EAS-042,Thambalagamuwa,තඹලගමුව,DS_DIVISION,SL_RDSD.shp ADM3 + SL_DSD.shp ADM2 + SL_PD.shp ADM1 (spatial join)
Eastern,Trincomalee,EAS-043,Town & Gravets,ත්‍රිකුණාමල,DS_DIVISION,SL_RDSD.shp ADM3 + SL_DSD.shp ADM2 + SL_PD.shp ADM1 (spatial join)
Eastern,Trincomalee,EAS-044,Verugal,වෙරුගල්,DS_DIVISION,SL_RDSD.shp ADM3 + SL_DSD.shp ADM2 + SL_PD.shp ADM1 (spatial join)
North Central,Anuradhapura,NCE-001,Galenbidunuwewa,ගලෙන්බිදුනුවැව,DS_DIVISION,SL_RDSD.shp ADM3 + SL_DSD.shp ADM2 + SL_PD.shp ADM1 (spatial join)
North Central,Anuradhapura,NCE-002,Galnewa,ගල්නෑව,DS_DIVISION,SL_RDSD.shp ADM3 + SL_DSD.shp ADM2 + SL_PD.shp ADM1 (spatial join)
North Central,Anuradhapura,NCE-003,Horowpathana,හොරොව්පොතාන,DS_DIVISION,SL_RDSD.shp ADM3 + SL_DSD.shp ADM2 + SL_PD.shp ADM1 (spatial join)
North Central,Anuradhapura,NCE-004,Ipalogama,ඉපලෝගම,DS_DIVISION,SL_RDSD.shp ADM3 + SL_DSD.shp ADM2 + SL_PD.shp ADM1 (spatial join)
North Central,Anuradhapura,NCE-005,Kahatagasdigiliya,කහටගස්දිගිලිය,DS_DIVISION,SL_RDSD.shp ADM3 + SL_DSD.shp ADM2 + SL_PD.shp ADM1 (spatial join)
North Central,Anuradhapura,NCE-006,Kebithigollewa,කැඹිතිගොල්ලෑව,DS_DIVISION,SL_RDSD.shp ADM3 + SL_DSD.shp ADM2 + SL_PD.shp ADM1 (spatial join)
North Central,Anuradhapura,NCE-007,Kekirawa,කැකිරාව,DS_DIVISION,SL_RDSD.shp ADM3 + SL_DSD.shp ADM2 + SL_PD.shp ADM1 (spatial join)
North Central,Anuradhapura,NCE-008,Mahawilachchiya,මහාවිලච්චිය,DS_DIVISION,SL_RDSD.shp ADM3 + SL_DSD.shp ADM2 + SL_PD.shp ADM1 (spatial join)
North Central,Anuradhapura,NCE-009,Medawachchiya,මැදවච්චිය,DS_DIVISION,SL_RDSD.shp ADM3 + SL_DSD.shp ADM2 + SL_PD.shp ADM1 (spatial join)
North Central,Anuradhapura,NCE-010,Mihinthale,මිහින්තලේ,DS_DIVISION,SL_RDSD.shp ADM3 + SL_DSD.shp ADM2 + SL_PD.shp ADM1 (spatial join)
North Central,Anuradhapura,NCE-011,Nachchaduwa,නච්චදූව,DS_DIVISION,SL_RDSD.shp ADM3 + SL_DSD.shp ADM2 + SL_PD.shp ADM1 (spatial join)
North Central,Anuradhapura,NCE-012,Nochchiyagama,නොච්චියාගම,DS_DIVISION,SL_RDSD.shp ADM3 + SL_DSD.shp ADM2 + SL_PD.shp ADM1 (spatial join)
North Central,Anuradhapura,NCE-013,Nuwaragam Palatha Central,නුවරගම් පළාත මධ්‍ය,DS_DIVISION,SL_RDSD.shp ADM3 + SL_DSD.shp ADM2 + SL_PD.shp ADM1 (spatial join)
North Central,Anuradhapura,NCE-014,Nuwaragam Palatha East,නුවරගම් පළාත නැගෙන,DS_DIVISION,SL_RDSD.shp ADM3 + SL_DSD.shp ADM2 + SL_PD.shp ADM1 (spatial join)
North Central,Anuradhapura,NCE-015,Padaviya,පදවිය,DS_DIVISION,SL_RDSD.shp ADM3 + SL_DSD.shp ADM2 + SL_PD.shp ADM1 (spatial join)
North Central,Anuradhapura,NCE-016,Palagala,පළාගල,DS_DIVISION,SL_RDSD.shp ADM3 + SL_DSD.shp ADM2 + SL_PD.shp ADM1 (spatial join)
North Central,Anuradhapura,NCE-017,Palugaswewa,පලුගස්වැව,DS_DIVISION,SL_RDSD.shp ADM3 + SL_DSD.shp ADM2 + SL_PD.shp ADM1 (spatial join)
North Central,Anuradhapura,NCE-018,Rajanganaya,රාජාංගනය,DS_DIVISION,SL_RDSD.shp ADM3 + SL_DSD.shp ADM2 + SL_PD.shp ADM1 (spatial join)
North Central,Anuradhapura,NCE-019,Rambewa,රඹෑව,DS_DIVISION,SL_RDSD.shp ADM3 + SL_DSD.shp ADM2 + SL_PD.shp ADM1 (spatial join)
North Central,Anuradhapura,NCE-020,Thalawa,තලාව,DS_DIVISION,SL_RDSD.shp ADM3 + SL_DSD.shp ADM2 + SL_PD.shp ADM1 (spatial join)
North Central,Anuradhapura,NCE-021,Thambuththegama,තඹුත්තේගම,DS_DIVISION,SL_RDSD.shp ADM3 + SL_DSD.shp ADM2 + SL_PD.shp ADM1 (spatial join)
North Central,Anuradhapura,NCE-022,Thirappane,තිරප්පනේ,DS_DIVISION,SL_RDSD.shp ADM3 + SL_DSD.shp ADM2 + SL_PD.shp ADM1 (spatial join)
North Central,Polonnaruwa,NCE-023,Dimbulagala,දිඹුලාගල,DS_DIVISION,SL_RDSD.shp ADM3 + SL_DSD.shp ADM2 + SL_PD.shp ADM1 (spatial join)
North Central,Polonnaruwa,NCE-024,Elahera,ඇලහැර,DS_DIVISION,SL_RDSD.shp ADM3 + SL_DSD.shp ADM2 + SL_PD.shp ADM1 (spatial join)
North Central,Polonnaruwa,NCE-025,Higurakgoda,හිඟුරක්ගොඩ,DS_DIVISION,SL_RDSD.shp ADM3 + SL_DSD.shp ADM2 + SL_PD.shp ADM1 (spatial join)
North Central,Polonnaruwa,NCE-026,Lankapura,ලංකාපුර,DS_DIVISION,SL_RDSD.shp ADM3 + SL_DSD.shp ADM2 + SL_PD.shp ADM1 (spatial join)
North Central,Polonnaruwa,NCE-027,Medirigiriya,මැදිරිගිරිය,DS_DIVISION,SL_RDSD.shp ADM3 + SL_DSD.shp ADM2 + SL_PD.shp ADM1 (spatial join)
North Central,Polonnaruwa,NCE-028,Thamankaduwa,තමන්කඩුව,DS_DIVISION,SL_RDSD.shp ADM3 + SL_DSD.shp ADM2 + SL_PD.shp ADM1 (spatial join)
North Central,Polonnaruwa,NCE-029,Welikanda,වැලිකන්ද,DS_DIVISION,SL_RDSD.shp ADM3 + SL_DSD.shp ADM2 + SL_PD.shp ADM1 (spatial join)
Northern,Jaffna,NOR-001,Delft,ඩෙල්ෆ්,DS_DIVISION,SL_RDSD.shp ADM3 + SL_DSD.shp ADM2 + SL_PD.shp ADM1 (spatial join)
Northern,Jaffna,NOR-002,Islands North (Kayts),දුපත උතුර (කයිට්ස්),DS_DIVISION,SL_RDSD.shp ADM3 + SL_DSD.shp ADM2 + SL_PD.shp ADM1 (spatial join)
Northern,Jaffna,NOR-003,Islands South (Velanai),දුපත දකුණ (වෙලනයි),DS_DIVISION,SL_RDSD.shp ADM3 + SL_DSD.shp ADM2 + SL_PD.shp ADM1 (spatial join)
Northern,Jaffna,NOR-004,Jaffna,යාපනය,DS_DIVISION,SL_RDSD.shp ADM3 + SL_DSD.shp ADM2 + SL_PD.shp ADM1 (spatial join)
Northern,Jaffna,NOR-005,Karainagar,කාරෛනගර්,DS_DIVISION,SL_RDSD.shp ADM3 + SL_DSD.shp ADM2 + SL_PD.shp ADM1 (spatial join)
Northern,Jaffna,NOR-006,Nallur,නල්ලූර්,DS_DIVISION,SL_RDSD.shp ADM3 + SL_DSD.shp ADM2 + SL_PD.shp ADM1 (spatial join)
Northern,Jaffna,NOR-007,Thenmaradchi (Chavakachcheri),තේන්මාරච්චි (ජාවකච,DS_DIVISION,SL_RDSD.shp ADM3 + SL_DSD.shp ADM2 + SL_PD.shp ADM1 (spatial join)
Northern,Jaffna,NOR-008,Vadamaradchchi East,වඩමාරච්චි නැගෙනහි,DS_DIVISION,SL_RDSD.shp ADM3 + SL_DSD.shp ADM2 + SL_PD.shp ADM1 (spatial join)
Northern,Jaffna,NOR-009,Vadamaradchchi South-West (Karaveddy),වඩමාරච්චි නිරිත (ක,DS_DIVISION,SL_RDSD.shp ADM3 + SL_DSD.shp ADM2 + SL_PD.shp ADM1 (spatial join)
Northern,Jaffna,NOR-010,Vadamaradchi North (Point Pedro),වඩමාරච්චි උතුර (පේ,DS_DIVISION,SL_RDSD.shp ADM3 + SL_DSD.shp ADM2 + SL_PD.shp ADM1 (spatial join)
Northern,Jaffna,NOR-011,Valikamam East (Kopay),වලිකාමම් නැගෙනහිර,DS_DIVISION,SL_RDSD.shp ADM3 + SL_DSD.shp ADM2 + SL_PD.shp ADM1 (spatial join)
Northern,Jaffna,NOR-012,Valikamam North (Thllippalai),වලිකාමම් උතුර (තෙල,DS_DIVISION,SL_RDSD.shp ADM3 + SL_DSD.shp ADM2 + SL_PD.shp ADM1 (spatial join)
Northern,Jaffna,NOR-013,Valikamam South (Uduvil),වලිකාමම් දකුණ (උඩු,DS_DIVISION,SL_RDSD.shp ADM3 + SL_DSD.shp ADM2 + SL_PD.shp ADM1 (spatial join)
Northern,Jaffna,NOR-014,Valikamam South West (Sandilipay),වලිකාමම් නිරිත (සං,DS_DIVISION,SL_RDSD.shp ADM3 + SL_DSD.shp ADM2 + SL_PD.shp ADM1 (spatial join)
Northern,Jaffna,NOR-015,Valikamam West (Chankanai),වලිකාමම් බටහිර (චන,DS_DIVISION,SL_RDSD.shp ADM3 + SL_DSD.shp ADM2 + SL_PD.shp ADM1 (spatial join)
Northern,Kilinochchi,NOR-016,Kandavalai,කණ්ඩාවලෙයි,DS_DIVISION,SL_RDSD.shp ADM3 + SL_DSD.shp ADM2 + SL_PD.shp ADM1 (spatial join)
Northern,Kilinochchi,NOR-017,Karachchi,කරච්චි,DS_DIVISION,SL_RDSD.shp ADM3 + SL_DSD.shp ADM2 + SL_PD.shp ADM1 (spatial join)
Northern,Kilinochchi,NOR-018,Pachchilaipalli,පලෙයි (පච්චිලේපලෙය,DS_DIVISION,SL_RDSD.shp ADM3 + SL_DSD.shp ADM2 + SL_PD.shp ADM1 (spatial join)
Northern,Kilinochchi,NOR-019,Poonakary,පුනරීන්,DS_DIVISION,SL_RDSD.shp ADM3 + SL_DSD.shp ADM2 + SL_PD.shp ADM1 (spatial join)
Northern,Mannar,NOR-020,Madhu,මඩු,DS_DIVISION,SL_RDSD.shp ADM3 + SL_DSD.shp ADM2 + SL_PD.shp ADM1 (spatial join)
Northern,Mannar,NOR-021,Mannar Town,මන්නාරම නගර,DS_DIVISION,SL_RDSD.shp ADM3 + SL_DSD.shp ADM2 + SL_PD.shp ADM1 (spatial join)
Northern,Mannar,NOR-022,Manthai West,මාන්තෛ බටහිර,DS_DIVISION,SL_RDSD.shp ADM3 + SL_DSD.shp ADM2 + SL_PD.shp ADM1 (spatial join)
Northern,Mannar,NOR-023,Musali,මූසාලේ,DS_DIVISION,SL_RDSD.shp ADM3 + SL_DSD.shp ADM2 + SL_PD.shp ADM1 (spatial join)
Northern,Mannar,NOR-024,Nanaddan,නානාට්ටාන්,DS_DIVISION,SL_RDSD.shp ADM3 + SL_DSD.shp ADM2 + SL_PD.shp ADM1 (spatial join)
Northern,Mullaitivu,NOR-025,Manthai East,මාන්තේ නැගෙනහිර,DS_DIVISION,SL_RDSD.shp ADM3 + SL_DSD.shp ADM2 + SL_PD.shp ADM1 (spatial join)
Northern,Mullaitivu,NOR-026,Maritimepattu,මුහුදුබඩපත්තුව,DS_DIVISION,SL_RDSD.shp ADM3 + SL_DSD.shp ADM2 + SL_PD.shp ADM1 (spatial join)
Northern,Mullaitivu,NOR-027,Oddusuddan,ඔඩ්ඩුසුඩාන්,DS_DIVISION,SL_RDSD.shp ADM3 + SL_DSD.shp ADM2 + SL_PD.shp ADM1 (spatial join)
Northern,Mullaitivu,NOR-028,Puthukkudiyiruppu,පුදුකුඩිඉරිප්පු,DS_DIVISION,SL_RDSD.shp ADM3 + SL_DSD.shp ADM2 + SL_PD.shp ADM1 (spatial join)
Northern,Mullaitivu,NOR-029,Thunukkai,තුනුක්‌කායි,DS_DIVISION,SL_RDSD.shp ADM3 + SL_DSD.shp ADM2 + SL_PD.shp ADM1 (spatial join)
Northern,Mullaitivu,NOR-030,Welioya,වැලි ඔය,DS_DIVISION,SL_RDSD.shp ADM3 + SL_DSD.shp ADM2 + SL_PD.shp ADM1 (spatial join)
Northern,Vavuniya,NOR-031,Vavuniya,වවුනියාව,DS_DIVISION,SL_RDSD.shp ADM3 + SL_DSD.shp ADM2 + SL_PD.shp ADM1 (spatial join)
Northern,Vavuniya,NOR-032,Vavuniya North,වවුනියාව උතුර,DS_DIVISION,SL_RDSD.shp ADM3 + SL_DSD.shp ADM2 + SL_PD.shp ADM1 (spatial join)
Northern,Vavuniya,NOR-033,Vavuniya South,වවුනියාව දකුණ,DS_DIVISION,SL_RDSD.shp ADM3 + SL_DSD.shp ADM2 + SL_PD.shp ADM1 (spatial join)
Northern,Vavuniya,NOR-034,Vengalacheddikulam,වෙන්ගලචෙඩ්ඩිකුලම,DS_DIVISION,SL_RDSD.shp ADM3 + SL_DSD.shp ADM2 + SL_PD.shp ADM1 (spatial join)
Northwestern,Kurunegala,NWE-001,Alawwa,අලව්ව,DS_DIVISION,SL_RDSD.shp ADM3 + SL_DSD.shp ADM2 + SL_PD.shp ADM1 (spatial join)
Northwestern,Kurunegala,NWE-002,Ambanpola,අඹන්පොළ,DS_DIVISION,SL_RDSD.shp ADM3 + SL_DSD.shp ADM2 + SL_PD.shp ADM1 (spatial join)
Northwestern,Kurunegala,NWE-003,Bamunakotuwa,බමුණුකොටුව,DS_DIVISION,SL_RDSD.shp ADM3 + SL_DSD.shp ADM2 + SL_PD.shp ADM1 (spatial join)
Northwestern,Kurunegala,NWE-004,Bingiriya,බිංගිරිය,DS_DIVISION,SL_RDSD.shp ADM3 + SL_DSD.shp ADM2 + SL_PD.shp ADM1 (spatial join)
Northwestern,Kurunegala,NWE-005,Ehetuwewa,ඇහැටුවැව,DS_DIVISION,SL_RDSD.shp ADM3 + SL_DSD.shp ADM2 + SL_PD.shp ADM1 (spatial join)
Northwestern,Kurunegala,NWE-006,Galgamuwa,ගල්ගමුව,DS_DIVISION,SL_RDSD.shp ADM3 + SL_DSD.shp ADM2 + SL_PD.shp ADM1 (spatial join)
Northwestern,Kurunegala,NWE-007,Ganewatta,ගනේවත්ත,DS_DIVISION,SL_RDSD.shp ADM3 + SL_DSD.shp ADM2 + SL_PD.shp ADM1 (spatial join)
Northwestern,Kurunegala,NWE-008,Giribawa,ගිරිබාව,DS_DIVISION,SL_RDSD.shp ADM3 + SL_DSD.shp ADM2 + SL_PD.shp ADM1 (spatial join)
Northwestern,Kurunegala,NWE-009,Ibbagamuwa,ඉබ්බාගමුව,DS_DIVISION,SL_RDSD.shp ADM3 + SL_DSD.shp ADM2 + SL_PD.shp ADM1 (spatial join)
Northwestern,Kurunegala,NWE-010,Kobeigane,කොබෙයිගනේ,DS_DIVISION,SL_RDSD.shp ADM3 + SL_DSD.shp ADM2 + SL_PD.shp ADM1 (spatial join)
Northwestern,Kurunegala,NWE-011,Kotawehera,කොටවෙහෙර,DS_DIVISION,SL_RDSD.shp ADM3 + SL_DSD.shp ADM2 + SL_PD.shp ADM1 (spatial join)
Northwestern,Kurunegala,NWE-012,Kuliyapitiya East,කුලියාපිටිය නැගෙන,DS_DIVISION,SL_RDSD.shp ADM3 + SL_DSD.shp ADM2 + SL_PD.shp ADM1 (spatial join)
Northwestern,Kurunegala,NWE-013,Kuliyapitiya West,කුලියාපිටිය බටහිර,DS_DIVISION,SL_RDSD.shp ADM3 + SL_DSD.shp ADM2 + SL_PD.shp ADM1 (spatial join)
Northwestern,Kurunegala,NWE-014,Kurunegala,කුරුණෑගල,DS_DIVISION,SL_RDSD.shp ADM3 + SL_DSD.shp ADM2 + SL_PD.shp ADM1 (spatial join)
Northwestern,Kurunegala,NWE-015,Maho,මහව,DS_DIVISION,SL_RDSD.shp ADM3 + SL_DSD.shp ADM2 + SL_PD.shp ADM1 (spatial join)
Northwestern,Kurunegala,NWE-016,Mallawapitiya,මල්ලවපිටිය,DS_DIVISION,SL_RDSD.shp ADM3 + SL_DSD.shp ADM2 + SL_PD.shp ADM1 (spatial join)
Northwestern,Kurunegala,NWE-017,Maspotha,මාස්පොත,DS_DIVISION,SL_RDSD.shp ADM3 + SL_DSD.shp ADM2 + SL_PD.shp ADM1 (spatial join)
Northwestern,Kurunegala,NWE-018,Mawathagama,මාවතගම,DS_DIVISION,SL_RDSD.shp ADM3 + SL_DSD.shp ADM2 + SL_PD.shp ADM1 (spatial join)
Northwestern,Kurunegala,NWE-019,Narammala,නාරම්මල,DS_DIVISION,SL_RDSD.shp ADM3 + SL_DSD.shp ADM2 + SL_PD.shp ADM1 (spatial join)
Northwestern,Kurunegala,NWE-020,Nikaweratiya,නිකවැරටිය,DS_DIVISION,SL_RDSD.shp ADM3 + SL_DSD.shp ADM2 + SL_PD.shp ADM1 (spatial join)
Northwestern,Kurunegala,NWE-021,Panduwasnuwara East,පඩුවස්නුවර නැගෙනහ,DS_DIVISION,SL_RDSD.shp ADM3 + SL_DSD.shp ADM2 + SL_PD.shp ADM1 (spatial join)
Northwestern,Kurunegala,NWE-022,Panduwasnuwara West,පඩුවස්නුවර බටහිර,DS_DIVISION,SL_RDSD.shp ADM3 + SL_DSD.shp ADM2 + SL_PD.shp ADM1 (spatial join)
Northwestern,Kurunegala,NWE-023,Pannala,පන්නල,DS_DIVISION,SL_RDSD.shp ADM3 + SL_DSD.shp ADM2 + SL_PD.shp ADM1 (spatial join)
Northwestern,Kurunegala,NWE-024,Polgahawela,පොල්ගහවෙල,DS_DIVISION,SL_RDSD.shp ADM3 + SL_DSD.shp ADM2 + SL_PD.shp ADM1 (spatial join)
Northwestern,Kurunegala,NWE-025,Polpitigama,පොල්පිතිගම,DS_DIVISION,SL_RDSD.shp ADM3 + SL_DSD.shp ADM2 + SL_PD.shp ADM1 (spatial join)
Northwestern,Kurunegala,NWE-026,Rasnayakapura,රස්නායකපුර,DS_DIVISION,SL_RDSD.shp ADM3 + SL_DSD.shp ADM2 + SL_PD.shp ADM1 (spatial join)
Northwestern,Kurunegala,NWE-027,Rideegama,රිදිගම,DS_DIVISION,SL_RDSD.shp ADM3 + SL_DSD.shp ADM2 + SL_PD.shp ADM1 (spatial join)
Northwestern,Kurunegala,NWE-028,Udubaddawa,උඩුබැද්දාව,DS_DIVISION,SL_RDSD.shp ADM3 + SL_DSD.shp ADM2 + SL_PD.shp ADM1 (spatial join)
Northwestern,Kurunegala,NWE-029,Wariyapola,වාරියපොල,DS_DIVISION,SL_RDSD.shp ADM3 + SL_DSD.shp ADM2 + SL_PD.shp ADM1 (spatial join)
Northwestern,Kurunegala,NWE-030,Weerabugedara,වීරඹුගෙදර,DS_DIVISION,SL_RDSD.shp ADM3 + SL_DSD.shp ADM2 + SL_PD.shp ADM1 (spatial join)
Northwestern,Puttalam,NWE-031,Anamaduwa,ආණමඩුව,DS_DIVISION,SL_RDSD.shp ADM3 + SL_DSD.shp ADM2 + SL_PD.shp ADM1 (spatial join)
Northwestern,Puttalam,NWE-032,Arachchikattuwa,ආරච්චිකට්ටුව,DS_DIVISION,SL_RDSD.shp ADM3 + SL_DSD.shp ADM2 + SL_PD.shp ADM1 (spatial join)
Northwestern,Puttalam,NWE-033,Chilaw,හලාවත,DS_DIVISION,SL_RDSD.shp ADM3 + SL_DSD.shp ADM2 + SL_PD.shp ADM1 (spatial join)
Northwestern,Puttalam,NWE-034,Dankotuwa,දංකොටුව,DS_DIVISION,SL_RDSD.shp ADM3 + SL_DSD.shp ADM2 + SL_PD.shp ADM1 (spatial join)
Northwestern,Puttalam,NWE-035,Kalpitiya,කල්පිටිය,DS_DIVISION,SL_RDSD.shp ADM3 + SL_DSD.shp ADM2 + SL_PD.shp ADM1 (spatial join)
Northwestern,Puttalam,NWE-036,Karuwalagaswewa,කරුවලගස්වැව,DS_DIVISION,SL_RDSD.shp ADM3 + SL_DSD.shp ADM2 + SL_PD.shp ADM1 (spatial join)
Northwestern,Puttalam,NWE-037,Madampe,මාදම්පෙ,DS_DIVISION,SL_RDSD.shp ADM3 + SL_DSD.shp ADM2 + SL_PD.shp ADM1 (spatial join)
Northwestern,Puttalam,NWE-038,Mahakumbukkadawala,මහකුඹුක්කඩවල,DS_DIVISION,SL_RDSD.shp ADM3 + SL_DSD.shp ADM2 + SL_PD.shp ADM1 (spatial join)
Northwestern,Puttalam,NWE-039,Mahawewa,මහවැව,DS_DIVISION,SL_RDSD.shp ADM3 + SL_DSD.shp ADM2 + SL_PD.shp ADM1 (spatial join)
Northwestern,Puttalam,NWE-040,Mundel,මුන්දලම,DS_DIVISION,SL_RDSD.shp ADM3 + SL_DSD.shp ADM2 + SL_PD.shp ADM1 (spatial join)
Northwestern,Puttalam,NWE-041,Nattandiya,නාත්තන්ඩිය,DS_DIVISION,SL_RDSD.shp ADM3 + SL_DSD.shp ADM2 + SL_PD.shp ADM1 (spatial join)
Northwestern,Puttalam,NWE-042,Nawagattegama,නවගත්තේගම,DS_DIVISION,SL_RDSD.shp ADM3 + SL_DSD.shp ADM2 + SL_PD.shp ADM1 (spatial join)
Northwestern,Puttalam,NWE-043,Pallama,පල්ලම,DS_DIVISION,SL_RDSD.shp ADM3 + SL_DSD.shp ADM2 + SL_PD.shp ADM1 (spatial join)
Northwestern,Puttalam,NWE-044,Puttalam,පුත්තලම,DS_DIVISION,SL_RDSD.shp ADM3 + SL_DSD.shp ADM2 + SL_PD.shp ADM1 (spatial join)
Northwestern,Puttalam,NWE-045,Vanathavilluwa,වනාතවිල්ලුව,DS_DIVISION,SL_RDSD.shp ADM3 + SL_DSD.shp ADM2 + SL_PD.shp ADM1 (spatial join)
Northwestern,Puttalam,NWE-046,Wennappuwa,වෙන්නප්පුව,DS_DIVISION,SL_RDSD.shp ADM3 + SL_DSD.shp ADM2 + SL_PD.shp ADM1 (spatial join)
Sabaragamuwa,Kegalle,SAB-001,Aranayake,අරණායක,DS_DIVISION,SL_RDSD.shp ADM3 + SL_DSD.shp ADM2 + SL_PD.shp ADM1 (spatial join)
Sabaragamuwa,Kegalle,SAB-002,Bulathkohipitiya,බුලත්කොහුපිටිය,DS_DIVISION,SL_RDSD.shp ADM3 + SL_DSD.shp ADM2 + SL_PD.shp ADM1 (spatial join)
Sabaragamuwa,Kegalle,SAB-003,Dehiowita,දෙහිඕවිට,DS_DIVISION,SL_RDSD.shp ADM3 + SL_DSD.shp ADM2 + SL_PD.shp ADM1 (spatial join)
Sabaragamuwa,Kegalle,SAB-004,Deraniyagala,දැරණියගල,DS_DIVISION,SL_RDSD.shp ADM3 + SL_DSD.shp ADM2 + SL_PD.shp ADM1 (spatial join)
Sabaragamuwa,Kegalle,SAB-005,Galigamuwa,ගලිගමුව,DS_DIVISION,SL_RDSD.shp ADM3 + SL_DSD.shp ADM2 + SL_PD.shp ADM1 (spatial join)
Sabaragamuwa,Kegalle,SAB-006,Kegalle,කෑගල්ල,DS_DIVISION,SL_RDSD.shp ADM3 + SL_DSD.shp ADM2 + SL_PD.shp ADM1 (spatial join)
Sabaragamuwa,Kegalle,SAB-007,Mawanella,මාවනැල්ල,DS_DIVISION,SL_RDSD.shp ADM3 + SL_DSD.shp ADM2 + SL_PD.shp ADM1 (spatial join)
Sabaragamuwa,Kegalle,SAB-008,Rambukkana,රඹුක්කන,DS_DIVISION,SL_RDSD.shp ADM3 + SL_DSD.shp ADM2 + SL_PD.shp ADM1 (spatial join)
Sabaragamuwa,Kegalle,SAB-009,Ruwanwella,රුවන්වැල්ල,DS_DIVISION,SL_RDSD.shp ADM3 + SL_DSD.shp ADM2 + SL_PD.shp ADM1 (spatial join)
Sabaragamuwa,Kegalle,SAB-010,Warakapola,වරකාපොළ,DS_DIVISION,SL_RDSD.shp ADM3 + SL_DSD.shp ADM2 + SL_PD.shp ADM1 (spatial join)
Sabaragamuwa,Kegalle,SAB-011,Yatiyantota,යටියන්තොට,DS_DIVISION,SL_RDSD.shp ADM3 + SL_DSD.shp ADM2 + SL_PD.shp ADM1 (spatial join)
Sabaragamuwa,Ratnapura,SAB-012,Ayagama,අයගම,DS_DIVISION,SL_RDSD.shp ADM3 + SL_DSD.shp ADM2 + SL_PD.shp ADM1 (spatial join)
Sabaragamuwa,Ratnapura,SAB-013,Balangoda,බලංගොඩ,DS_DIVISION,SL_RDSD.shp ADM3 + SL_DSD.shp ADM2 + SL_PD.shp ADM1 (spatial join)
Sabaragamuwa,Ratnapura,SAB-014,Eheliyagoda,ඇහැලියගොඩ,DS_DIVISION,SL_RDSD.shp ADM3 + SL_DSD.shp ADM2 + SL_PD.shp ADM1 (spatial join)
Sabaragamuwa,Ratnapura,SAB-015,Elapatha,ඇලපාත,DS_DIVISION,SL_RDSD.shp ADM3 + SL_DSD.shp ADM2 + SL_PD.shp ADM1 (spatial join)
Sabaragamuwa,Ratnapura,SAB-016,Embilipitiya,ඇඹිලිපිටිය,DS_DIVISION,SL_RDSD.shp ADM3 + SL_DSD.shp ADM2 + SL_PD.shp ADM1 (spatial join)
Sabaragamuwa,Ratnapura,SAB-017,Godakawela,ගොඩකවෙල,DS_DIVISION,SL_RDSD.shp ADM3 + SL_DSD.shp ADM2 + SL_PD.shp ADM1 (spatial join)
Sabaragamuwa,Ratnapura,SAB-018,Imbulpe,ඉඹුල්පේ,DS_DIVISION,SL_RDSD.shp ADM3 + SL_DSD.shp ADM2 + SL_PD.shp ADM1 (spatial join)
Sabaragamuwa,Ratnapura,SAB-019,Kahawattha,කහවත්ත,DS_DIVISION,SL_RDSD.shp ADM3 + SL_DSD.shp ADM2 + SL_PD.shp ADM1 (spatial join)
Sabaragamuwa,Ratnapura,SAB-020,Kalawana,කලවාන,DS_DIVISION,SL_RDSD.shp ADM3 + SL_DSD.shp ADM2 + SL_PD.shp ADM1 (spatial join)
Sabaragamuwa,Ratnapura,SAB-021,Kiriella,කිරිඇල්ල,DS_DIVISION,SL_RDSD.shp ADM3 + SL_DSD.shp ADM2 + SL_PD.shp ADM1 (spatial join)
Sabaragamuwa,Ratnapura,SAB-022,Kolonna,කොලොන්න,DS_DIVISION,SL_RDSD.shp ADM3 + SL_DSD.shp ADM2 + SL_PD.shp ADM1 (spatial join)
Sabaragamuwa,Ratnapura,SAB-023,Kuruvita,කුරුවිට,DS_DIVISION,SL_RDSD.shp ADM3 + SL_DSD.shp ADM2 + SL_PD.shp ADM1 (spatial join)
Sabaragamuwa,Ratnapura,SAB-024,Nivithigala,නිවිතිගල,DS_DIVISION,SL_RDSD.shp ADM3 + SL_DSD.shp ADM2 + SL_PD.shp ADM1 (spatial join)
Sabaragamuwa,Ratnapura,SAB-025,Opanayake,ඕපනායක,DS_DIVISION,SL_RDSD.shp ADM3 + SL_DSD.shp ADM2 + SL_PD.shp ADM1 (spatial join)
Sabaragamuwa,Ratnapura,SAB-026,Pelmadulla,පැල්මඩුල්ල,DS_DIVISION,SL_RDSD.shp ADM3 + SL_DSD.shp ADM2 + SL_PD.shp ADM1 (spatial join)
Sabaragamuwa,Ratnapura,SAB-027,Ratnapura,රත්නපුර,DS_DIVISION,SL_RDSD.shp ADM3 + SL_DSD.shp ADM2 + SL_PD.shp ADM1 (spatial join)
Sabaragamuwa,Ratnapura,SAB-028,Weligepola,වැලිගෙපොල,DS_DIVISION,SL_RDSD.shp ADM3 + SL_DSD.shp ADM2 + SL_PD.shp ADM1 (spatial join)
Southern,Galle,SOU-001,Akmeemana,අක්මීමණ,DS_DIVISION,SL_RDSD.shp ADM3 + SL_DSD.shp ADM2 + SL_PD.shp ADM1 (spatial join)
Southern,Galle,SOU-002,Ambalangoda,අම්බලන්ගොඩ,DS_DIVISION,SL_RDSD.shp ADM3 + SL_DSD.shp ADM2 + SL_PD.shp ADM1 (spatial join)
Southern,Galle,SOU-003,Baddegama,බද්දේගම,DS_DIVISION,SL_RDSD.shp ADM3 + SL_DSD.shp ADM2 + SL_PD.shp ADM1 (spatial join)
Southern,Galle,SOU-004,Balapitiya,බලපිටිය,DS_DIVISION,SL_RDSD.shp ADM3 + SL_DSD.shp ADM2 + SL_PD.shp ADM1 (spatial join)
Southern,Galle,SOU-005,Bentota,බෙන්තොට,DS_DIVISION,SL_RDSD.shp ADM3 + SL_DSD.shp ADM2 + SL_PD.shp ADM1 (spatial join)
Southern,Galle,SOU-006,Bope-Poddala,බෝපෙ-පෝද්දල,DS_DIVISION,SL_RDSD.shp ADM3 + SL_DSD.shp ADM2 + SL_PD.shp ADM1 (spatial join)
Southern,Galle,SOU-007,Elpitiya,ඇල්පිටිය,DS_DIVISION,SL_RDSD.shp ADM3 + SL_DSD.shp ADM2 + SL_PD.shp ADM1 (spatial join)
Southern,Galle,SOU-008,Galle4Gravets,කඩවත්සතර,DS_DIVISION,SL_RDSD.shp ADM3 + SL_DSD.shp ADM2 + SL_PD.shp ADM1 (spatial join)
Southern,Galle,SOU-009,Gonapinuwala,ගෝනපීනුවල,DS_DIVISION,SL_RDSD.shp ADM3 + SL_DSD.shp ADM2 + SL_PD.shp ADM1 (spatial join)
Southern,Galle,SOU-010,Habaraduwa,හබරාදුව,DS_DIVISION,SL_RDSD.shp ADM3 + SL_DSD.shp ADM2 + SL_PD.shp ADM1 (spatial join)
Southern,Galle,SOU-011,Hikkaduwa,හික්කඩුව,DS_DIVISION,SL_RDSD.shp ADM3 + SL_DSD.shp ADM2 + SL_PD.shp ADM1 (spatial join)
Southern,Galle,SOU-012,Imaduwa,ඉමදුව,DS_DIVISION,SL_RDSD.shp ADM3 + SL_DSD.shp ADM2 + SL_PD.shp ADM1 (spatial join)
Southern,Galle,SOU-013,Karandeniya,කරන්දෙනිය,DS_DIVISION,SL_RDSD.shp ADM3 + SL_DSD.shp ADM2 + SL_PD.shp ADM1 (spatial join)
Southern,Galle,SOU-014,Nagoda,නාගොඩ,DS_DIVISION,SL_RDSD.shp ADM3 + SL_DSD.shp ADM2 + SL_PD.shp ADM1 (spatial join)
Southern,Galle,SOU-015,Neluwa,නෙළුව,DS_DIVISION,SL_RDSD.shp ADM3 + SL_DSD.shp ADM2 + SL_PD.shp ADM1 (spatial join)
Southern,Galle,SOU-016,Niyagama,නියාගම,DS_DIVISION,SL_RDSD.shp ADM3 + SL_DSD.shp ADM2 + SL_PD.shp ADM1 (spatial join)
Southern,Galle,SOU-017,Thawalama,තවලම,DS_DIVISION,SL_RDSD.shp ADM3 + SL_DSD.shp ADM2 + SL_PD.shp ADM1 (spatial join)
Southern,Galle,SOU-018,Welivitiya-Divitura,වැලිවිටිය-දිවිතුර,DS_DIVISION,SL_RDSD.shp ADM3 + SL_DSD.shp ADM2 + SL_PD.shp ADM1 (spatial join)
Southern,Galle,SOU-019,Yakkalamulla,යක්කලමුල්ල,DS_DIVISION,SL_RDSD.shp ADM3 + SL_DSD.shp ADM2 + SL_PD.shp ADM1 (spatial join)
Southern,Hambantota,SOU-020,Ambalantota,අම්බලන්තොට,DS_DIVISION,SL_RDSD.shp ADM3 + SL_DSD.shp ADM2 + SL_PD.shp ADM1 (spatial join)
Southern,Hambantota,SOU-021,Angunakolapelessa,අඟුණුකොළපැලැස්ස,DS_DIVISION,SL_RDSD.shp ADM3 + SL_DSD.shp ADM2 + SL_PD.shp ADM1 (spatial join)
Southern,Hambantota,SOU-022,Beliatta,බෙලිඅත්ත,DS_DIVISION,SL_RDSD.shp ADM3 + SL_DSD.shp ADM2 + SL_PD.shp ADM1 (spatial join)
Southern,Hambantota,SOU-023,Hambantota,හම්බන්තොට,DS_DIVISION,SL_RDSD.shp ADM3 + SL_DSD.shp ADM2 + SL_PD.shp ADM1 (spatial join)
Southern,Hambantota,SOU-024,Katuwana,කටුවන,DS_DIVISION,SL_RDSD.shp ADM3 + SL_DSD.shp ADM2 + SL_PD.shp ADM1 (spatial join)
Southern,Hambantota,SOU-025,Lunugamwehera,ලුණුගම්වෙහෙර,DS_DIVISION,SL_RDSD.shp ADM3 + SL_DSD.shp ADM2 + SL_PD.shp ADM1 (spatial join)
Southern,Hambantota,SOU-026,Okewela,ඕකේවෙල,DS_DIVISION,SL_RDSD.shp ADM3 + SL_DSD.shp ADM2 + SL_PD.shp ADM1 (spatial join)
Southern,Hambantota,SOU-027,Sooriyawewa,සූරියවැව,DS_DIVISION,SL_RDSD.shp ADM3 + SL_DSD.shp ADM2 + SL_PD.shp ADM1 (spatial join)
Southern,Hambantota,SOU-028,Tangalle,තංගල්ල,DS_DIVISION,SL_RDSD.shp ADM3 + SL_DSD.shp ADM2 + SL_PD.shp ADM1 (spatial join)
Southern,Hambantota,SOU-029,Thissamaharama,තිස්සමහාරාම,DS_DIVISION,SL_RDSD.shp ADM3 + SL_DSD.shp ADM2 + SL_PD.shp ADM1 (spatial join)
Southern,Hambantota,SOU-030,Walasmulla,වලස්මුල්ල,DS_DIVISION,SL_RDSD.shp ADM3 + SL_DSD.shp ADM2 + SL_PD.shp ADM1 (spatial join)
Southern,Hambantota,SOU-031,Weeraketiya,වීරකැටිය,DS_DIVISION,SL_RDSD.shp ADM3 + SL_DSD.shp ADM2 + SL_PD.shp ADM1 (spatial join)
Southern,Matara,SOU-032,Akuressa,අකුරැස්ස,DS_DIVISION,SL_RDSD.shp ADM3 + SL_DSD.shp ADM2 + SL_PD.shp ADM1 (spatial join)
Southern,Matara,SOU-033,Athuraliya,අතුරලිය,DS_DIVISION,SL_RDSD.shp ADM3 + SL_DSD.shp ADM2 + SL_PD.shp ADM1 (spatial join)
Southern,Matara,SOU-034,Devinuwara,දෙවිනුවර,DS_DIVISION,SL_RDSD.shp ADM3 + SL_DSD.shp ADM2 + SL_PD.shp ADM1 (spatial join)
Southern,Matara,SOU-035,Dikwella,දික්වැල්ල,DS_DIVISION,SL_RDSD.shp ADM3 + SL_DSD.shp ADM2 + SL_PD.shp ADM1 (spatial join)
Southern,Matara,SOU-036,Hakmana,හක්මන,DS_DIVISION,SL_RDSD.shp ADM3 + SL_DSD.shp ADM2 + SL_PD.shp ADM1 (spatial join)
Southern,Matara,SOU-037,Kaburupitiya,කඹුරුපිටිය,DS_DIVISION,SL_RDSD.shp ADM3 + SL_DSD.shp ADM2 + SL_PD.shp ADM1 (spatial join)
Southern,Matara,SOU-038,Kirinda Puhulwella,කිරින්ද පුහුල්වැල,DS_DIVISION,SL_RDSD.shp ADM3 + SL_DSD.shp ADM2 + SL_PD.shp ADM1 (spatial join)
Southern,Matara,SOU-039,Kotapola,කොටපොල,DS_DIVISION,SL_RDSD.shp ADM3 + SL_DSD.shp ADM2 + SL_PD.shp ADM1 (spatial join)
Southern,Matara,SOU-040,Malimbada,මාලිම්බඩ,DS_DIVISION,SL_RDSD.shp ADM3 + SL_DSD.shp ADM2 + SL_PD.shp ADM1 (spatial join)
Southern,Matara,SOU-041,Matara Four Gravets,මාතර කඩවත්සතර,DS_DIVISION,SL_RDSD.shp ADM3 + SL_DSD.shp ADM2 + SL_PD.shp ADM1 (spatial join)
Southern,Matara,SOU-042,Mulatiyana,මුලටියන,DS_DIVISION,SL_RDSD.shp ADM3 + SL_DSD.shp ADM2 + SL_PD.shp ADM1 (spatial join)
Southern,Matara,SOU-043,Pasgoda,පස්ගොඩ,DS_DIVISION,SL_RDSD.shp ADM3 + SL_DSD.shp ADM2 + SL_PD.shp ADM1 (spatial join)
Southern,Matara,SOU-044,Pitabaddara,පිටබැද්දර,DS_DIVISION,SL_RDSD.shp ADM3 + SL_DSD.shp ADM2 + SL_PD.shp ADM1 (spatial join)
Southern,Matara,SOU-045,Thihagoda,තිහගොඩ,DS_DIVISION,SL_RDSD.shp ADM3 + SL_DSD.shp ADM2 + SL_PD.shp ADM1 (spatial join)
Southern,Matara,SOU-046,Weligama,වැලිගම,DS_DIVISION,SL_RDSD.shp ADM3 + SL_DSD.shp ADM2 + SL_PD.shp ADM1 (spatial join)
Southern,Matara,SOU-047,Welipitiya,වැලිපිටිය,DS_DIVISION,SL_RDSD.shp ADM3 + SL_DSD.shp ADM2 + SL_PD.shp ADM1 (spatial join)
Uva,Badulla,UVA-001,Badulla,බදුල්ල,DS_DIVISION,SL_RDSD.shp ADM3 + SL_DSD.shp ADM2 + SL_PD.shp ADM1 (spatial join)
Uva,Badulla,UVA-002,Bandarawela,බණ්ඩාරවෙල,DS_DIVISION,SL_RDSD.shp ADM3 + SL_DSD.shp ADM2 + SL_PD.shp ADM1 (spatial join)
Uva,Badulla,UVA-003,Ella,ඇල්ල,DS_DIVISION,SL_RDSD.shp ADM3 + SL_DSD.shp ADM2 + SL_PD.shp ADM1 (spatial join)
Uva,Badulla,UVA-004,Haldummulla,හල්දුම්මුල්ල,DS_DIVISION,SL_RDSD.shp ADM3 + SL_DSD.shp ADM2 + SL_PD.shp ADM1 (spatial join)
Uva,Badulla,UVA-005,Hali-Ela,හාලිඇල,DS_DIVISION,SL_RDSD.shp ADM3 + SL_DSD.shp ADM2 + SL_PD.shp ADM1 (spatial join)
Uva,Badulla,UVA-006,Haputale,හපුතලේ,DS_DIVISION,SL_RDSD.shp ADM3 + SL_DSD.shp ADM2 + SL_PD.shp ADM1 (spatial join)
Uva,Badulla,UVA-007,Kandeketiya,කන්දෙකැටිය,DS_DIVISION,SL_RDSD.shp ADM3 + SL_DSD.shp ADM2 + SL_PD.shp ADM1 (spatial join)
Uva,Badulla,UVA-008,Lunugala,ලුණුගල,DS_DIVISION,SL_RDSD.shp ADM3 + SL_DSD.shp ADM2 + SL_PD.shp ADM1 (spatial join)
Uva,Badulla,UVA-009,Mahiyanganaya,මහියංගනය,DS_DIVISION,SL_RDSD.shp ADM3 + SL_DSD.shp ADM2 + SL_PD.shp ADM1 (spatial join)
Uva,Badulla,UVA-010,Meegahakiula,මීගහකිවුල,DS_DIVISION,SL_RDSD.shp ADM3 + SL_DSD.shp ADM2 + SL_PD.shp ADM1 (spatial join)
Uva,Badulla,UVA-011,Passara,පස්සර,DS_DIVISION,SL_RDSD.shp ADM3 + SL_DSD.shp ADM2 + SL_PD.shp ADM1 (spatial join)
Uva,Badulla,UVA-012,Rideemaliyadda,රිදීමාලියැද්ද,DS_DIVISION,SL_RDSD.shp ADM3 + SL_DSD.shp ADM2 + SL_PD.shp ADM1 (spatial join)
Uva,Badulla,UVA-013,Soranathota,සොරණාතොට,DS_DIVISION,SL_RDSD.shp ADM3 + SL_DSD.shp ADM2 + SL_PD.shp ADM1 (spatial join)
Uva,Badulla,UVA-014,Uvaparanagama,ඌවපරණගම,DS_DIVISION,SL_RDSD.shp ADM3 + SL_DSD.shp ADM2 + SL_PD.shp ADM1 (spatial join)
Uva,Badulla,UVA-015,Welimada,වැලිමඩ,DS_DIVISION,SL_RDSD.shp ADM3 + SL_DSD.shp ADM2 + SL_PD.shp ADM1 (spatial join)
Uva,Monaragala,UVA-016,Badalkumbura,බඩල්කුඹුර,DS_DIVISION,SL_RDSD.shp ADM3 + SL_DSD.shp ADM2 + SL_PD.shp ADM1 (spatial join)
Uva,Monaragala,UVA-017,Bibile,බිබිල,DS_DIVISION,SL_RDSD.shp ADM3 + SL_DSD.shp ADM2 + SL_PD.shp ADM1 (spatial join)
Uva,Monaragala,UVA-018,Buttala,බුත්තල,DS_DIVISION,SL_RDSD.shp ADM3 + SL_DSD.shp ADM2 + SL_PD.shp ADM1 (spatial join)
Uva,Monaragala,UVA-019,Katharagama,කතරගම,DS_DIVISION,SL_RDSD.shp ADM3 + SL_DSD.shp ADM2 + SL_PD.shp ADM1 (spatial join)
Uva,Monaragala,UVA-020,Madulla,මඩුල්ල,DS_DIVISION,SL_RDSD.shp ADM3 + SL_DSD.shp ADM2 + SL_PD.shp ADM1 (spatial join)
Uva,Monaragala,UVA-021,Medagama,මැදගම,DS_DIVISION,SL_RDSD.shp ADM3 + SL_DSD.shp ADM2 + SL_PD.shp ADM1 (spatial join)
Uva,Monaragala,UVA-022,Monaragala,මොණරාගල,DS_DIVISION,SL_RDSD.shp ADM3 + SL_DSD.shp ADM2 + SL_PD.shp ADM1 (spatial join)
Uva,Monaragala,UVA-023,Sevanagala,සෙවනගල,DS_DIVISION,SL_RDSD.shp ADM3 + SL_DSD.shp ADM2 + SL_PD.shp ADM1 (spatial join)
Uva,Monaragala,UVA-024,Siyambalanduwa,සියඹලාණ්ඩුව,DS_DIVISION,SL_RDSD.shp ADM3 + SL_DSD.shp ADM2 + SL_PD.shp ADM1 (spatial join)
Uva,Monaragala,UVA-025,Thanamalwila,තණමල්විල,DS_DIVISION,SL_RDSD.shp ADM3 + SL_DSD.shp ADM2 + SL_PD.shp ADM1 (spatial join)
Uva,Monaragala,UVA-026,Wellawaya,වැල්ලවාය,DS_DIVISION,SL_RDSD.shp ADM3 + SL_DSD.shp ADM2 + SL_PD.shp ADM1 (spatial join)
Western,Colombo,WES-001,Colombo,කොළඹ,DS_DIVISION,SL_RDSD.shp ADM3 + SL_DSD.shp ADM2 + SL_PD.shp ADM1 (spatial join)
Western,Colombo,WES-002,Dehiwala,දෙහිවල,DS_DIVISION,SL_RDSD.shp ADM3 + SL_DSD.shp ADM2 + SL_PD.shp ADM1 (spatial join)
Western,Colombo,WES-003,Homagama,හෝමාගම,DS_DIVISION,SL_RDSD.shp ADM3 + SL_DSD.shp ADM2 + SL_PD.shp ADM1 (spatial join)
Western,Colombo,WES-004,Kaduwela,කඩුවෙල,DS_DIVISION,SL_RDSD.shp ADM3 + SL_DSD.shp ADM2 + SL_PD.shp ADM1 (spatial join)
Western,Colombo,WES-005,Kesbewa,කැස්බෑව,DS_DIVISION,SL_RDSD.shp ADM3 + SL_DSD.shp ADM2 + SL_PD.shp ADM1 (spatial join)
Western,Colombo,WES-006,Kolonnawa,කොලොන්නාව,DS_DIVISION,SL_RDSD.shp ADM3 + SL_DSD.shp ADM2 + SL_PD.shp ADM1 (spatial join)
Western,Colombo,WES-007,Maharagama,මහරගම,DS_DIVISION,SL_RDSD.shp ADM3 + SL_DSD.shp ADM2 + SL_PD.shp ADM1 (spatial join)
Western,Colombo,WES-008,Moratuwa,මොරටුව,DS_DIVISION,SL_RDSD.shp ADM3 + SL_DSD.shp ADM2 + SL_PD.shp ADM1 (spatial join)
Western,Colombo,WES-009,Padukka,පාදුක්ක,DS_DIVISION,SL_RDSD.shp ADM3 + SL_DSD.shp ADM2 + SL_PD.shp ADM1 (spatial join)
Western,Colombo,WES-010,Ratmalana,රත්මලාන,DS_DIVISION,SL_RDSD.shp ADM3 + SL_DSD.shp ADM2 + SL_PD.shp ADM1 (spatial join)
Western,Colombo,WES-011,Seethawaka,සීතාවක,DS_DIVISION,SL_RDSD.shp ADM3 + SL_DSD.shp ADM2 + SL_PD.shp ADM1 (spatial join)
Western,Colombo,WES-012,Sri Jayawardanapura Kotte,ශ්‍රී ජයවර්ධනපුර ක,DS_DIVISION,SL_RDSD.shp ADM3 + SL_DSD.shp ADM2 + SL_PD.shp ADM1 (spatial join)
Western,Colombo,WES-013,Thimbirigasyaya,තිඹිරිගස්යාය,DS_DIVISION,SL_RDSD.shp ADM3 + SL_DSD.shp ADM2 + SL_PD.shp ADM1 (spatial join)
Western,Gampaha,WES-014,Attanagalla,අත්තනගල්ල,DS_DIVISION,SL_RDSD.shp ADM3 + SL_DSD.shp ADM2 + SL_PD.shp ADM1 (spatial join)
Western,Gampaha,WES-015,Biyagama,බියගම,DS_DIVISION,SL_RDSD.shp ADM3 + SL_DSD.shp ADM2 + SL_PD.shp ADM1 (spatial join)
Western,Gampaha,WES-016,Divulapitiya,දිවුලපිටිය,DS_DIVISION,SL_RDSD.shp ADM3 + SL_DSD.shp ADM2 + SL_PD.shp ADM1 (spatial join)
Western,Gampaha,WES-017,Dompe,දොම්පෙ,DS_DIVISION,SL_RDSD.shp ADM3 + SL_DSD.shp ADM2 + SL_PD.shp ADM1 (spatial join)
Western,Gampaha,WES-018,Gampaha,ගම්පහ,DS_DIVISION,SL_RDSD.shp ADM3 + SL_DSD.shp ADM2 + SL_PD.shp ADM1 (spatial join)
Western,Gampaha,WES-019,Ja Ela,ජා-ඇල,DS_DIVISION,SL_RDSD.shp ADM3 + SL_DSD.shp ADM2 + SL_PD.shp ADM1 (spatial join)
Western,Gampaha,WES-020,Katana,කටාන,DS_DIVISION,SL_RDSD.shp ADM3 + SL_DSD.shp ADM2 + SL_PD.shp ADM1 (spatial join)
Western,Gampaha,WES-021,Kelaniya,කැළණිය,DS_DIVISION,SL_RDSD.shp ADM3 + SL_DSD.shp ADM2 + SL_PD.shp ADM1 (spatial join)
Western,Gampaha,WES-022,Mahara,මහර,DS_DIVISION,SL_RDSD.shp ADM3 + SL_DSD.shp ADM2 + SL_PD.shp ADM1 (spatial join)
Western,Gampaha,WES-023,Minuwangoda,මිනුවන්ගොඩ,DS_DIVISION,SL_RDSD.shp ADM3 + SL_DSD.shp ADM2 + SL_PD.shp ADM1 (spatial join)
Western,Gampaha,WES-024,Mirigama,මීරිගම,DS_DIVISION,SL_RDSD.shp ADM3 + SL_DSD.shp ADM2 + SL_PD.shp ADM1 (spatial join)
Western,Gampaha,WES-025,Negombo,මීගමුව,DS_DIVISION,SL_RDSD.shp ADM3 + SL_DSD.shp ADM2 + SL_PD.shp ADM1 (spatial join)
Western,Gampaha,WES-026,Wattala,වත්තල,DS_DIVISION,SL_RDSD.shp ADM3 + SL_DSD.shp ADM2 + SL_PD.shp ADM1 (spatial join)
Western,Kalutara,WES-027,Agalawatta,අගලවත්ත,DS_DIVISION,SL_RDSD.shp ADM3 + SL_DSD.shp ADM2 + SL_PD.shp ADM1 (spatial join)
Western,Kalutara,WES-028,Bandaragama,බණ්ඩාරගම,DS_DIVISION,SL_RDSD.shp ADM3 + SL_DSD.shp ADM2 + SL_PD.shp ADM1 (spatial join)
Western,Kalutara,WES-029,Beruwala,බේරුවල,DS_DIVISION,SL_RDSD.shp ADM3 + SL_DSD.shp ADM2 + SL_PD.shp ADM1 (spatial join)
Western,Kalutara,WES-030,Bulathsinhala,බුලත්සිංහල,DS_DIVISION,SL_RDSD.shp ADM3 + SL_DSD.shp ADM2 + SL_PD.shp ADM1 (spatial join)
Western,Kalutara,WES-031,Dodangoda,දොඩංගොඩ,DS_DIVISION,SL_RDSD.shp ADM3 + SL_DSD.shp ADM2 + SL_PD.shp ADM1 (spatial join)
Western,Kalutara,WES-032,Horana,හොරණ,DS_DIVISION,SL_RDSD.shp ADM3 + SL_DSD.shp ADM2 + SL_PD.shp ADM1 (spatial join)
Western,Kalutara,WES-033,Ingiriya,ඉංගිරිය,DS_DIVISION,SL_RDSD.shp ADM3 + SL_DSD.shp ADM2 + SL_PD.shp ADM1 (spatial join)
Western,Kalutara,WES-034,Kalutara,කඵතර,DS_DIVISION,SL_RDSD.shp ADM3 + SL_DSD.shp ADM2 + SL_PD.shp ADM1 (spatial join)
Western,Kalutara,WES-035,Madurawala,මදුරාවෙල,DS_DIVISION,SL_RDSD.shp ADM3 + SL_DSD.shp ADM2 + SL_PD.shp ADM1 (spatial join)
Western,Kalutara,WES-036,Matugama,මතුගම,DS_DIVISION,SL_RDSD.shp ADM3 + SL_DSD.shp ADM2 + SL_PD.shp ADM1 (spatial join)
Western,Kalutara,WES-037,Millaniya,මිල්ලනිය,DS_DIVISION,SL_RDSD.shp ADM3 + SL_DSD.shp ADM2 + SL_PD.shp ADM1 (spatial join)
Western,Kalutara,WES-038,Palindanuwara,පාලින්දනුවර,DS_DIVISION,SL_RDSD.shp ADM3 + SL_DSD.shp ADM2 + SL_PD.shp ADM1 (spatial join)
Western,Kalutara,WES-039,Panadura,පානදුර,DS_DIVISION,SL_RDSD.shp ADM3 + SL_DSD.shp ADM2 + SL_PD.shp ADM1 (spatial join)
Western,Kalutara,WES-040,Walallawita,වලල්ලාවිට,DS_DIVISION,SL_RDSD.shp ADM3 + SL_DSD.shp ADM2 + SL_PD.shp ADM1 (spatial join)
